{
  "report": {
    "0": {
      "precision": 0.9780481748199652,
      "recall": 0.98465,
      "f1-score": 0.9813379843029775,
      "support": 20000.0
    },
    "1": {
      "precision": 0.9968789711787729,
      "recall": 0.99551269035533,
      "f1-score": 0.996195362304117,
      "support": 98500.0
    },
    "accuracy": 0.9936793248945147,
    "macro avg": {
      "precision": 0.987463572999369,
      "recall": 0.990081345177665,
      "f1-score": 0.9887666733035472,
      "support": 118500.0
    },
    "weighted avg": {
      "precision": 0.9937007777004931,
      "recall": 0.9936793248945147,
      "f1-score": 0.9936877879579332,
      "support": 118500.0
    }
  },
  "confusion_matrix": [
    [
      19693,
      307
    ],
    [
      442,
      98058
    ]
  ],
  "target_type": "binary",
  "feature_columns": [
    "Dst Port",
    "Protocol",
    "TotLen Fwd Pkts",
    "Fwd Pkt Len Max",
    "Fwd Pkt Len Mean",
    "Flow Byts/s",
    "PSH Flag Cnt",
    "URG Flag Cnt",
    "FIN Flag Cnt",
    "SYN Flag Cnt",
    "RST Flag Cnt",
    "ACK Flag Cnt",
    "Fwd Header Len",
    "Fwd Pkt Len Min",
    "Fwd Pkt Len Std",
    "Down/Up Ratio",
    "Fwd Pkts/s"
  ]
}